run_id;model_id;date_run;samples;thin;transient;chains;machine;script_version;run_time(h);max_mem_perGPU;output_path;notes
fbs_M001_thin_100_samples_1000_chains_4;fbs_M001;20250919;1000;100;50000;4;kingma;0d72e5f;7,125;10;C:\Users\Carlos Munoz\Documents\Ph.D\6_courses\2025_I_comparative_metrics\models;
fbs_M001_thin_1000_samples_1000_chains_4;fbs_M001;20250920;1000;1000;500000;4;kingma;0d72e5f;69,41;10;C:\Users\Carlos Munoz\Documents\Ph.D\6_courses\2025_I_comparative_metrics\models;
fbs_M002_thin_100_samples_1000_chains_4;fbs_M002;20250924;1000;100;50000;4;Asimov;0d72e5f;6,71;23;C:\Users\Carlos Munoz\Documents\Ph.D\6_courses\2025_I_comparative_metrics\models;
fbs_M002_thin_1000_samples_1000_chains_4;fbs_M002;20250924;1000;1000;500000;4;Asimov;0d72e5f;76,16;23;C:\Users\Carlos Munoz\Documents\Ph.D\6_courses\2025_I_comparative_metrics\models;
fbs_M003_thin_1000_samples_1000_chains_4;fbs_M003;20250930;1000;1000;500000;4;kingma;f543534;68,86;10;C:\Users\Carlos Munoz\Documents\Ph.D\6_courses\2025_I_comparative_metrics\models;
fbs_M004_thin_1000_samples_1000_chains_4;fbs_M004;20251002;1000;1000;500000;4;Asimov;ec10080;66,8;23;C:\Users\Carlos Munoz\Documents\Ph.D\6_courses\2025_I_comparative_metrics\models;
fbs_M003_thin_1000_samples_2000_chains_4;fbs_M003;20251010;2000;1000;500000;4;Asimov;e302951;131;23;C:\Users\Carlos Munoz\Documents\Ph.D\6_courses\2025_I_comparative_metrics\models;
fbs_M002.1_thin_1000_samples_1000_chains_4;fbs_M002;20251016;1000;1000;500000;4;kingma;fe48f56;67;10;C:\Users\Carlos Munoz\Documents\Ph.D\6_courses\2025_I_comparative_metrics\models;
fbs_M005_thin_1000_samples_1000_chains_4;fbs_M005;20251017;1000;1000;500000;4;Asimov;0a8a616;73,1;23;C:\Users\Carlos Munoz\Documents\Ph.D\6_courses\2025_I_comparative_metrics\models;
fbs_M006_thin_1000_samples_1000_chains_4;fbs_M006;20251027;1000;1000;500000;4;Asimov;704637f;77,6;23;C:\Users\Carlos Munoz\Documents\Ph.D\6_courses\2025_I_comparative_metrics\models;
fbs_M007_thin_1000_samples_1000_chains_4;fbs_M007;20251028;1000;1000;500000;4;kingma;3de059c;75,7;10;C:\Users\Carlos Munoz\Documents\Ph.D\6_courses\2025_I_comparative_metrics\models;
fbs_M008_thin_1000_samples_1000_chains_4;fbs_M008;20251031;1000;1000;500000;4;Asimov;dcad272;72,3;23;C:\Users\Carlos Munoz\Documents\Ph.D\6_courses\2025_I_comparative_metrics\models;
fbs_M009_thin_1000_samples_1000_chains_4;fbs_M009;20251101;1000;1000;500000;4;kingma;dcad272;75,6;10;C:\Users\Carlos Munoz\Documents\Ph.D\6_courses\2025_I_comparative_metrics\models;
fbs_M010_thin_1000_samples_1000_chains_4;fbs_M010;20251104;1000;1000;500000;4;Asimov;5c9b175;83,3;23;C:\Users\Carlos Munoz\Documents\Ph.D\6_courses\2025_I_comparative_metrics\models;
fbs_M011_thin_1000_samples_1000_chains_4;fbs_M011;20251104;1000;1000;500000;4;kingma;5c9b175;72,7;10;C:\Users\Carlos Munoz\Documents\Ph.D\6_courses\2025_I_comparative_metrics\models;
fbs_M003_thin_1000_samples_1000_chains_4_cv_1;fbs_M003_cv;20251111;1000;100;50000;4;kingma;c02b343;;;C:\Users\Carlos Munoz\Documents\Ph.D\6_courses\2025_I_comparative_metrics\models;
fbs_M003_thin_1000_samples_1000_chains_4_cv_2;fbs_M003_cv;20251111;1000;100;50000;4;kingma;c02b343;;;C:\Users\Carlos Munoz\Documents\Ph.D\6_courses\2025_I_comparative_metrics\models;
fbs_M003_thin_1000_samples_1000_chains_4_cv_3;fbs_M003_cv;20251111;1000;100;50000;4;kingma;c02b343;;;C:\Users\Carlos Munoz\Documents\Ph.D\6_courses\2025_I_comparative_metrics\models;
fbs_M003_thin_1000_samples_1000_chains_4_cv_4;fbs_M003_cv;20251111;1000;100;50000;4;kingma;c02b343;;;C:\Users\Carlos Munoz\Documents\Ph.D\6_courses\2025_I_comparative_metrics\models;
fbs_M005_thin_1000_samples_1000_chains_4_cv_1;fbs_M005_cv;20251111;1000;100;50000;4;Asimov;c02b343;;;C:\Users\Carlos Munoz\Documents\Ph.D\6_courses\2025_I_comparative_metrics\models;
fbs_M005_thin_1000_samples_1000_chains_4_cv_2;fbs_M005_cv;20251111;1000;100;50000;4;Asimov;c02b343;;;C:\Users\Carlos Munoz\Documents\Ph.D\6_courses\2025_I_comparative_metrics\models;
fbs_M005_thin_1000_samples_1000_chains_4_cv_3;fbs_M005_cv;20251111;1000;100;50000;4;Asimov;c02b343;;;C:\Users\Carlos Munoz\Documents\Ph.D\6_courses\2025_I_comparative_metrics\models;
fbs_M005_thin_1000_samples_1000_chains_4_cv_4;fbs_M005_cv;20251111;1000;100;50000;4;Asimov;c02b343;;;C:\Users\Carlos Munoz\Documents\Ph.D\6_courses\2025_I_comparative_metrics\models;
fbs_M008PA_thin_1000_samples_1000_chains_4;fbs_M008_PA;20260421;1000;1000;500000;4;Asimov;961c220;74,6625;21;C:\Users\Carlos Munoz\Documents\Ph.D\6_courses\2025_I_comparative_metrics\models;
fbs_M008PA_thin_1000_samples_1000_ho_metso_chains_4;fbs_M008_PA;20260422;1000;1000;500000;4;Asimov;351217a;297,2;22;C:\Users\Carlos Munoz\Documents\Ph.D\6_courses\2025_I_comparative_metrics\models;
fbs_M008PA_thin_1000_samples_1000_route_blocked_cv_chains_4;fbs_M008_PA;20260525;1000;250;125000;4;Asimov;351217a;304,4;21;C:\Users\Carlos Munoz\Documents\Ph.D\6_courses\2025_I_comparative_metrics\models;
fbs_M008PA_thin_1000_samples_1000_random_cv_chains_4;fbs_M008_PA;20260525;1000;250;125000;4;Asimov;351217a;292;23;C:\Users\Carlos Munoz\Documents\Ph.D\6_courses\2025_I_comparative_metrics\models;
fbs_M014PA_thin_50_samples_1000_chains_4;fbs_M014PA;20260610;1000;50;25000;4;Morrison;3515466;2,2;48;C:\Users\Carlos Munoz\Documents\Ph.D\6_courses\2025_I_comparative_metrics\models;
fbs_M014_thin_150_samples_1000_chains_4;fbs_M014;20260610;1000;150;75000;4;Burgess;1a68ae8;8,48;23;C:\Users\Carlos Munoz\Documents\Ph.D\6_courses\2025_I_comparative_metrics\models;
fbs_M014_thin_250_samples_1000_chains_4;fbs_M014;20260610;1000;250;125000;4;Burgess;71b5bbb;13,57;23;;
fbs_M014PA_thin_1000_samples_1000_ho_metso_chains_4;fbs_M014PA;20260610;1000;50;25000;4;Morrison;3515466;2,2;48;;
fbs_M014PA_thin_1000_samples_1000_route_blocked_cv_chains_4;fbs_M014PA;20260610;1000;50;25000;4;Morrison;3515466;2,2;48;;
fbs_M014PA_thin_1000_samples_1000_random_cv_chains_4;fbs_M014PA;20260610;1000;50;25000;4;Morrison;3515466;2,2;48;;
fbs_M014_thin_250_samples_1000_chains_4;fbs_M014;20260615;1000;500;250000;4;Morrison;71b5bbb;24;48;;
